<?xml version="1.0" encoding="UTF-8"?>
<ti:module xmlns:ti="http://ti.appcelerator.org" xmlns:android="http://schemas.android.com/apk/res/android">
	<iphone></iphone>
	<android xmlns:android="http://schemas.android.com/apk/res/android">
		<uses-permission android:name="android.permission.SYSTEM_ALERT_WINDOW"/>
		<uses-permission android:name="android.permission.INTERNET" />
		<application>
			<service android:name="de.appwerft.audiocontrols.LockScreenService" android:enabled="true" android:exported="true"/>
			<service android:name="de.appwerft.audiocontrols.NotificationCompactService" android:enabled="true" android:exported="true"/>
		</application>
	</android>
	<mobileweb></mobileweb>
</ti:module>
