<?xml version="1.0" encoding="UTF-8"?>
<ti:module xmlns:ti="http://ti.appcelerator.org" xmlns:android="http://schemas.android.com/apk/res/android">
	<!--
		Similar to tiapp.xml, but contains module/platform specific
		configuration in <iphone>, <android>, and <mobileweb> sections
	-->
	<iphone>
	</iphone>
	<android xmlns:android="http://schemas.android.com/apk/res/android">
		<uses-permission android:name="android.permission.SYSTEM_ALERT_WINDOW"/>
		<application>
			<service
            android:name=".LockScreenService"
         />
		</application>	
	</android>
	<mobileweb>
	</mobileweb>
</ti:module>
